osp_no,operator_name,project_name,industry_type,project_status,year,os_area,shape_length,shape_area,rgb,region_nam,area_km2,range,id,value,Shape,label
1,Imperial Oil Resources,Cold Lake (Imperial Oil),02,01,2015,CL,193203.9483387488,688184466.3926326,"(rgba(10,50,20)",Beaver Lake Cree Nation Traditional Territory,38984.1850242525,NA,50221,100,"list(c(-110.3333886, -110.3333601, -110.3332338, -110.3302925, -110.3301377, -110.3288245, -110.3287839, -110.328493, -110.3282386, -110.3281252, -110.3209035, -110.3107869, -110.3104773, -110.3084445, -110.3081337, -110.2956571, -110.2831805, -110.2828697, -110.2704299, -110.2579901, -110.2576793, -110.2523754, -110.2516466, -110.2471576, -110.2452714, -110.2452747, -110.2452779, -110.2452779, -110.2452768, -110.2452767, -110.2452761, -110.2452752, -110.245275, -110.2452748, -110.2452748, -110.2452743, 
-110.2452743, -110.2454699, -110.2577118, -110.2580229, -110.2580206, -110.2580205, -110.2580203, -110.2580185, -110.2577223, -110.2577073, -110.2575728, -110.2566429, -110.2564919, -110.2548881, -110.2548289, -110.2507347, -110.2506716, -110.2484553, -110.2483436, -110.247342, -110.2471888, -110.2459489, -110.2452566, -110.2452563, -110.2452562, -110.2452562, -110.2452452, -110.2328003, -110.2327951, -110.2327951, -110.2327951, -110.2327949, -110.2327948, -110.2327945, -110.2327941, -110.2327941, 
-110.2327941, -110.2324827, -110.2321004, -110.2318585, -110.2227167, -110.222402, -110.2200306, -110.2120983, -110.2113765, -110.2076238, -110.2076241, -110.2076388, -110.2076456, -110.2076459, -110.2076498, -110.2076505, -110.2076536, -110.2073421, -110.2017893, -110.2007912, -110.1949426, -110.1875526, -110.1873517, -110.1825429, -110.1824451, -110.1824401, -110.1824344, -110.1823265, -110.1951068, -110.2073589, -110.2076705, -110.207671, -110.2076893, -110.2076898, -110.2158814, -110.2161387, 
-110.2201014, -110.2200843, -110.2200832, -110.2200756, -110.2244563, -110.2248656, -110.2325238, -110.2328355, -110.232831, -110.2328307, -110.2328307, -110.2328693, -110.2331687, -110.2390562, -110.2390579, -110.24529, -110.2493341, -110.2494891, -110.2577541, -110.2580659, -110.2580666, -110.2580939, -110.2599527, -110.2599789, -110.2607088, -110.2611252, -110.2705513, -110.270559, -110.2705594, -110.2705595, -110.2705597, -110.2705719, -110.2688271, -110.265805, -110.2657128, -110.2656671, -110.2655279, 
-110.2655035, -110.2602858, -110.258703, -110.2585033, -110.2581359, -110.2581357, -110.2581349, -110.2581298, -110.2581172, -110.2578178, -110.2453168, -110.2453094, -110.2328072, -110.2328076, -110.2328161, -110.2264403, -110.2200646, -110.2138448, -110.2076251, -110.2076249, -110.2076248, -110.2076241, -110.2076223, -110.2073101, -110.1948515, -110.1863203, -110.1861742, -110.1823928, -110.1823924, -110.1823923, -110.1823916, -110.1823903, -110.182078, -110.16961, -110.1571419, -110.1571418, -110.1571384, 
-110.157135, -110.1571316, -110.1571282, -110.1582746, -110.1696004, -110.1708382, -110.1820726, -110.1823851, -110.1837144, -110.1948572, -110.1962781, -110.2073295, -110.207642, -110.2091543, -110.2201142, -110.221718, -110.2325864, -110.2328989, -110.2345942, -110.2453712, -110.2471579, -110.2578433, -110.2581558, -110.260034, -110.2706278, -110.2725975, -110.2830998, -110.2834123, -110.2854735, -110.2892367, -110.2893886, -110.2958844, -110.298037, -110.3083564, -110.3086689, -110.310913, -110.321106, 
-110.3234848, -110.3335432, -110.3338556, -110.3363691, -110.3462927, -110.3489409, -110.353372, -110.353534, -110.3536964, -110.3536981, -110.3537046, -110.3540209, -110.3587298, -110.3590422, -110.3615451, -110.3618251, -110.3629749, -110.3635887, -110.3646418, -110.3649024, -110.3653085, -110.3714863, -110.3743968, -110.3839304, -110.3842429, -110.3872811, -110.396687, -110.3998529, -110.4091311, -110.4094436, -110.4127372, -110.4218878, -110.425309, -110.434332, -110.4346445, -110.4375083, -110.437812, 
-110.437965, -110.4379898, -110.4380456, -110.4380649, -110.4381567, -110.4381934, -110.4394917, -110.4396466, -110.4470834, -110.4507567, -110.4587926, -110.4595222, -110.4598347, -110.4623724, -110.4631257, -110.4633135, -110.4633843, -110.4636323, -110.4722978, -110.4753228, -110.4759123, -110.476174, -110.4774686, -110.4786261, -110.4835379, -110.48474, -110.4850525, -110.4872729, -110.4890279, -110.4906136, -110.4917861, -110.4966105, -110.497233, -110.4974482, -110.5015607, -110.5024761, -110.5098928, 
-110.5102053, -110.510461, -110.5144059, -110.5226471, -110.5256016, -110.5256714, -110.5269387, -110.5348141, -110.5348513, -110.535099, -110.5354115, -110.539784, -110.5441818, -110.5444555, -110.5444744, -110.5478535, -110.5521021, -110.5523168, -110.5532524, -110.5544228, -110.5602995, -110.560612, -110.561079, -110.5633748, -110.565162, -110.5658318, -110.5662355, -110.5665255, -110.5667345, -110.5672941, -110.5678988, -110.5680652, -110.5706574, -110.5715348, -110.5715583, -110.5718273, -110.572889, 
-110.5730553, -110.5730601, -110.5744594, -110.5745807, -110.5752177, -110.5776948, -110.5791388, -110.5815386, -110.582207, -110.5855085, -110.5858209, -110.588588, -110.5893787, -110.5901106, -110.5905402, -110.5917006, -110.5929456, -110.5929862, -110.5936004, -110.5949999, -110.5966979, -110.5982606, -110.6030731, -110.6107059, -110.6110183, -110.6159186, -110.6230601, -110.6234649, -110.6276495, -110.6284775, -110.629359, -110.6332517, -110.6359114, -110.6362238, -110.641349, -110.6486704, -110.6539081, 
-110.6611169, -110.6614294, -110.6614204, -110.6614152, -110.6614133, -110.6614105, -110.6614016, -110.6613994, -110.6613993, -110.6613877, -110.6613865, -110.6613861, -110.6613836, -110.6613833, -110.6613825, -110.6613847, -110.6613852, -110.6613852, -110.6613853, -110.661388, -110.6613881, -110.661389, -110.6613908, -110.6613934, -110.6613936, -110.6613963, -110.6613976, -110.6613976, -110.6613983, -110.6613985, -110.661399, -110.661399, -110.661399, -110.6613991, -110.6613992, -110.6613993, -110.6613995, 
-110.6613996, -110.6613996, -110.6613999, -110.661401, -110.6614012, -110.6614023, -110.6614024, -110.6614031, -110.6614035, -110.6614035, -110.6614051, -110.6614054, -110.6614057, -110.6614057, -110.661405, -110.6613902, -110.661388, -110.6613699, -110.6613648, -110.6613624, -110.6613621, -110.6613594, -110.6613565, -110.6613337, -110.6613328, -110.6613672, -110.6614017, -110.66138, -110.6613583, -110.6613577, -110.6613489, -110.6613436, -110.6613434, -110.66134, -110.6613305, -110.6613209, -110.6613207, 
-110.6613111, -110.6613016, -110.6613057, -110.6613074, -110.6613085, -110.6613154, -110.6613156, -110.6610045, -110.6565748, -110.6560219, -110.6540975, -110.6535137, -110.6516202, -110.6510055, -110.6491429, -110.6490677, -110.6485606, -110.6476309, -110.647161, -110.6463913, -110.646295, -110.6361167, -110.6358056, -110.6233617, -110.6109179, -110.6106068, -110.6105727, -110.6104067, -110.6008932, -110.6006094, -110.5981622, -110.5975261, -110.5974253, -110.5973742, -110.5970824, -110.5968054, 
-110.5965858, -110.5881129, -110.5876759, -110.5857124, -110.5856366, -110.5854012, -110.5853922, -110.5831014, -110.5828706, -110.5729616, -110.5605166, -110.5605168, -110.5605168, -110.5605175, -110.5605175, -110.5605181, -110.5605184, -110.5605185, -110.5605186, -110.5605188, -110.5605188, -110.5605191, -110.5605191, -110.5605191, -110.5605192, -110.5605192, -110.5605193, -110.5605196, -110.5605197, -110.5605197, -110.5605199, -110.5605203, -110.5602724, -110.5602093, -110.5601024, -110.5600028, 
-110.5477567, -110.5353042, -110.5353025, -110.5353023, -110.5353021, -110.5353016, -110.5352986, -110.5352973, -110.5352972, -110.5352953, -110.5352952, -110.5352952, -110.5352951, -110.535295, -110.535295, -110.5352949, -110.5352947, -110.5352946, -110.5352945, -110.5352938, -110.5352937, -110.5352929, -110.5352928, -110.5352889, -110.5352889, -110.5352887, -110.5352887, -110.5352884, -110.5352884, -110.5352871, -110.5352815, -110.5349707, -110.5225344, -110.5225317, -110.5225316, -110.5225315, 
-110.5225314, -110.522531, -110.5225304, -110.52253, -110.5101188, -110.5098081, -110.4973567, -110.4949531, -110.4948522, -110.4947876, -110.4936294, -110.4849636, -110.4849622, -110.4849409, -110.4849409, -110.4849364, -110.4849263, -110.4849257, -110.4849257, -110.4849253, -110.4849187, -110.48491, -110.4860289, -110.4973403, -110.4973234, -110.4973216, -110.4849052, -110.4848858, -110.4848848, -110.4848827, -110.4848822, -110.4848467, -110.4848456, -110.484535, -110.4843122, -110.4812198, -110.4809105, 
-110.4792985, -110.4791096, -110.4782775, -110.4779857, -110.4777937, -110.4771106, -110.474485, -110.4736435, -110.4720822, -110.4708603, -110.4701092, -110.4696234, -110.4688503, -110.4686505, -110.4685821, -110.4679212, -110.4654568, -110.4651499, -110.4649633, -110.4640349, -110.4634829, -110.4629619, -110.460522, -110.4601906, -110.4600285, -110.4596255, -110.4596244, -110.4596237, -110.459623, -110.459622, -110.4596217, -110.4596217, -110.4596211, -110.4596211, -110.459621, -110.4596209, -110.4596208, 
-110.4596208, -110.4596207, -110.4596205, -110.4596205, -110.4596202, -110.4596201, -110.45962, -110.4596193, -110.4593089, -110.4468287, -110.4381978, -110.4369617, -110.4363072, -110.4349984, -110.4343485, -110.434346, -110.4343386, -110.4343364, -110.4343321, -110.4343319, -110.4343311, -110.4343307, -110.4343295, -110.4343295, -110.4343292, -110.4343287, -110.4343285, -110.4343284, -110.4343283, -110.4343273, -110.434327, -110.4343266, -110.4343266, -110.434325, -110.4343243, -110.4343231, -110.434323, 
-110.4343224, -110.4343221, -110.4343221, -110.4343218, -110.4343208, -110.4343176, -110.4343174, -110.4343171, -110.4343157, -110.4343171, -110.4343177, -110.4343186, -110.4343186, -110.4343194, -110.4343201, -110.4343205, -110.4343208, -110.4343212, -110.4343216, -110.4343217, -110.4343218, -110.4343219, -110.4343229, -110.4343229, -110.4343247, -110.4343247, -110.4343254, -110.4343256, -110.4343257, -110.4343258, -110.4343259, -110.4343264, -110.4343264, -110.4343265, -110.4343267, -110.4343268, 
-110.4343283, -110.4343292, -110.4343292, -110.4343298, -110.4343313, -110.4343328, -110.4343379, -110.4343381, -110.4343391, -110.4343351, -110.4340291, -110.4337674, -110.4333479, -110.4333306, -110.4323284, -110.4292755, -110.4288409, -110.4262327, -110.4255082, -110.4215967, -110.4091645, -110.4088546, -110.4082247, -110.4078333, -110.4059316, -110.405664, -110.4045071, -110.4011456, -110.3963984, -110.3839422, -110.3839423, -110.3839423, -110.3839424, -110.3839424, -110.3839425, -110.3836324, 
-110.3712023, -110.3712022, -110.3712015, -110.3712013, -110.3711997, -110.3711996, -110.3711996, -110.3711991, -110.3711988, -110.3711985, -110.3711983, -110.3711982, -110.3711978, -110.3711978, -110.3711978, -110.3711976, -110.3711976, -110.3711975, -110.3711975, -110.3711974, -110.3711974, -110.3711971, -110.371197, -110.3836047, -110.3839149, -110.3839144, -110.3839141, -110.3839136, -110.3839134, -110.3839133, -110.3839119, -110.3839118, -110.3839108, -110.3839103, -110.383907, -110.3839037, 
-110.3838937, -110.3838853, -110.3838842, -110.3838833, -110.3838827, -110.3838733, -110.383873, -110.3837322, -110.3835627, -110.383122, -110.3826115, -110.3780013, -110.3778836, -110.3770134, -110.3769887, -110.3756962, -110.3755554, -110.3750808, -110.372074, -110.3711861, -110.370755, -110.3706004, -110.3700923, -110.3689334, -110.3668431, -110.3664502, -110.3662846, -110.3658098, -110.3656552, -110.3634703, -110.3633372, -110.3627595, -110.3626311, -110.3625197, -110.3593192, -110.3588063, -110.3588064, 
-110.3588065, -110.3588066, -110.3588069, -110.3588074, -110.3588081, -110.3588085, -110.3588087, -110.3588088, -110.3588094, -110.3588099, -110.3588102, -110.3588102, -110.3588104, -110.3588107, -110.3588111, -110.3588113, -110.3588113, -110.3588114, -110.3588115, -110.3588118, -110.3588118, -110.3588119, -110.3588119, -110.3588123, -110.3588124, -110.3585893, -110.3585021, -110.3523845, -110.3519899, -110.3460537, -110.3460383, -110.3457594, -110.3456048, -110.3454502, -110.341122, -110.3398854, 
-110.3383494, -110.3379979, -110.3378325, -110.3368982, -110.3368403, -110.3358664, -110.3355174, -110.3336052, -110.3336052, -110.3336065, -110.3336073, -110.3336088, -110.3336089, -110.3336092, -110.3336115, -110.3336124, -110.3336154, -110.3336173, -110.3336295, -110.3425418, -110.3430226, -110.3450856, -110.3451874, -110.3455752, -110.3460027, -110.3460615, -110.3460778, -110.3472633, -110.348186, -110.3486163, -110.3488892, -110.3535374, -110.3551735, -110.358331, -110.3584936, -110.3588041, 
-110.3597956, -110.3612748, -110.3615112, -110.3621169, -110.3622883, -110.3689103, -110.3689357, -110.3712506, -110.3717847, -110.3732146, -110.3743037, -110.3743734, -110.3754961, -110.37596, -110.38085, -110.3823198, -110.3826096, -110.3836442, -110.3836972, -110.3840076, -110.3843143, -110.3864756, -110.3964542, -110.4003935, -110.4017243, -110.4053421, -110.4089008, -110.4092113, -110.4096721, -110.4101392, -110.4129468, -110.4132289, -110.4173934, -110.4190722, -110.4195697, -110.4199, -110.4216581, 
-110.4216581, -110.4216582, -110.4216583, -110.4216584, -110.4216587, -110.4216594, -110.4216599, -110.4216602, -110.4216603, -110.4216604, -110.4216606, -110.4216607, -110.4216613, -110.4216613, -110.4216615, -110.4216616, -110.4216618, -110.421662, -110.4216626, -110.4341391, -110.4344497, -110.4344412, -110.4344347, -110.4344345, -110.4344341, -110.434433, -110.434433, -110.4368361, -110.4372002, -110.4375652, -110.4388546, -110.4453067, -110.4468746, -110.4468807, -110.4468821, -110.4468823, 
-110.4468837, -110.4468841, -110.4468858, -110.4468869, -110.4468872, -110.4468903, -110.4468908, -110.446895, -110.4468952, -110.4469009, -110.4446601, -110.4344618, -110.4344653, -110.4344665, -110.4344738, -110.4344741, -110.4344806, -110.4344815, -110.4344833, -110.4344835, -110.434484, -110.4344861, -110.43449, -110.4344903, -110.4344976, -110.4341867, -110.4230699, -110.4223682, -110.4221407, -110.421939, -110.4218788, -110.4217245, -110.4202349, -110.419491, -110.4168209, -110.4140261, -110.4131134, 
-110.4128669, -110.4117345, -110.4092627, -110.4092236, -110.4089518, -110.4013109, -110.4004413, -110.3965082, -110.3963362, -110.3962987, -110.3951742, -110.3904991, -110.3898362, -110.3881792, -110.3854048, -110.3840646, -110.3837538, -110.3744231, -110.3732628, -110.3731039, -110.3718963, -110.3716608, -110.3713061, -110.3704839, -110.3696212, -110.3693382, -110.3689533, -110.3685961, -110.3676273, -110.367447, -110.3665182, -110.3663634, -110.3662086, -110.3641466, -110.3638151, -110.3619159, 
-110.3608993, -110.3588584, -110.3585476, -110.3483932, -110.3461083, -110.341427, -110.3411588, -110.3405099, -110.3354982, -110.3353531, -110.3346271, -110.3336709, -110.3333886, 54.5442948, 54.5442948, 54.5442948, 54.5442941, 54.5442941, 54.5442937, 54.5442937, 54.5442936, 54.5442936, 54.5442935, 54.5442913, 54.544289, 54.5442889, 54.5442883, 54.5442878, 54.5442637, 54.5442384, 54.5442393, 54.5442747, 54.5443088, 54.5443084, 54.5443017, 54.5443007, 54.5442949, 54.5442923, 54.55152, 54.5587498, 
54.5589305, 54.5631277, 54.5635492, 54.5661581, 54.5697431, 54.5705667, 54.5710741, 54.5712424, 54.5731731, 54.573386, 54.5733864, 54.5734128, 54.5734135, 54.5802166, 54.5806425, 54.5812044, 54.587871, 54.5878711, 54.5878711, 54.5878711, 54.5878713, 54.5878713, 54.5878717, 54.5878717, 54.5878724, 54.5878724, 54.5878728, 54.5878728, 54.5878729, 54.5878729, 54.5878731, 54.5878732, 54.5880539, 54.5881253, 54.5881738, 54.5952787, 54.5952767, 54.6020969, 54.6021596, 54.6021867, 54.6024331, 54.6024986, 
54.6097235, 54.6164274, 54.6165665, 54.6169485, 54.6169488, 54.6169491, 54.6169493, 54.6169565, 54.6169567, 54.6169584, 54.6169639, 54.6169644, 54.6169668, 54.6171475, 54.6243705, 54.6276886, 54.6278235, 54.6297209, 54.6300575, 54.6315935, 54.6315933, 54.6315902, 54.6315897, 54.6315861, 54.6315812, 54.6315811, 54.6315777, 54.638094, 54.6384254, 54.6388054, 54.6460241, 54.6460629, 54.6460386, 54.6460379, 54.6462186, 54.6534398, 54.6606752, 54.6606663, 54.660666, 54.6606615, 54.6654551, 54.6657664, 
54.6678905, 54.6678843, 54.6678837, 54.6678726, 54.6678722, 54.6712378, 54.6714517, 54.6714792, 54.6714793, 54.6714794, 54.6714827, 54.6750895, 54.6750923, 54.675094, 54.675094, 54.675097, 54.6750971, 54.6752778, 54.6824628, 54.6824654, 54.6824654, 54.6824664, 54.682467, 54.6824798, 54.685176, 54.6853368, 54.6853543, 54.6854369, 54.6897095, 54.6897071, 54.689703, 54.6897029, 54.6897028, 54.6897026, 54.6897026, 54.6896953, 54.6896931, 54.6896928, 54.6896923, 54.6899539, 54.6908619, 54.6969225, 54.6969225, 
54.6969225, 54.6969215, 54.7041555, 54.7041484, 54.704329, 54.7078562, 54.7078553, 54.707854, 54.7078524, 54.7078505, 54.7086733, 54.708962, 54.71156, 54.7187983, 54.7187982, 54.7187937, 54.7187899, 54.7187898, 54.7187879, 54.7213742, 54.7214832, 54.7260152, 54.7332425, 54.7332426, 54.7332436, 54.7332434, 54.7334241, 54.7406543, 54.7478844, 54.7551146, 54.7622634, 54.7622642, 54.7622714, 54.7622721, 54.7622781, 54.7622782, 54.7622788, 54.7622836, 54.7622841, 54.7622877, 54.7622878, 54.7622882, 54.7622905, 
54.7622908, 54.762292, 54.762292, 54.7622921, 54.7622922, 54.7622921, 54.762291, 54.762291, 54.7622906, 54.7622883, 54.7622878, 54.7622845, 54.7622843, 54.7622836, 54.7622821, 54.762282, 54.7622791, 54.7622781, 54.7622726, 54.7622725, 54.7622768, 54.7622959, 54.7623002, 54.762318, 54.7623186, 54.7623229, 54.7623394, 54.7623414, 54.7623446, 54.7623447, 54.7623448, 54.7623448, 54.7623449, 54.7623451, 54.7623483, 54.7623485, 54.7623485, 54.7623485, 54.7623485, 54.7623485, 54.7623485, 54.7623485, 54.7623484, 
54.7623481, 54.7623478, 54.7623464, 54.7623463, 54.7623457, 54.7623433, 54.7623424, 54.762339, 54.7623389, 54.7623376, 54.7623334, 54.7623316, 54.7623266, 54.7623264, 54.7623231, 54.7623227, 54.7623226, 54.7623225, 54.7623225, 54.7623224, 54.7623223, 54.7623223, 54.7623207, 54.7623206, 54.7623114, 54.7623067, 54.7622961, 54.7622951, 54.7622947, 54.7622948, 54.7622949, 54.7622949, 54.7622949, 54.7622949, 54.7622949, 54.7622967, 54.762297, 54.7622972, 54.7622979, 54.7622986, 54.7623012, 54.7623018, 
54.762302, 54.762303, 54.7623037, 54.7623044, 54.7623049, 54.7623067, 54.7623069, 54.762307, 54.7623093, 54.7623098, 54.7623136, 54.7623138, 54.7623139, 54.7623161, 54.7623204, 54.7623207, 54.7623207, 54.7623208, 54.7623211, 54.7623211, 54.7623211, 54.7623211, 54.762321, 54.7623208, 54.7623208, 54.7623208, 54.7623205, 54.76232, 54.7623199, 54.7623198, 54.7623196, 54.7623186, 54.7623185, 54.7623182, 54.762317, 54.762316, 54.7623156, 54.7623154, 54.7623152, 54.7623151, 54.7623148, 54.7623144, 54.7623143, 
54.7623128, 54.7623122, 54.7623122, 54.762312, 54.7623114, 54.7623113, 54.7623113, 54.7623104, 54.7623103, 54.7623099, 54.7623083, 54.7623073, 54.7623056, 54.7623051, 54.7623027, 54.7623025, 54.7623023, 54.7623023, 54.7623022, 54.7623022, 54.762302, 54.7623019, 54.7623019, 54.7623018, 54.7623017, 54.7623014, 54.7623012, 54.7622994, 54.7622962, 54.7622961, 54.7622991, 54.7623031, 54.7623033, 54.7623055, 54.7623059, 54.7623063, 54.7623081, 54.7623093, 54.7623094, 54.7623115, 54.7623141, 54.7623156, 
54.7623174, 54.7623175, 54.7601703, 54.7589019, 54.7584455, 54.7577722, 54.7556558, 54.7551165, 54.7550967, 54.750103, 54.7495952, 54.7494259, 54.7483834, 54.7482569, 54.7478906, 54.7422237, 54.7408398, 54.7408243, 54.7406705, 54.7334503, 54.7332696, 54.7308355, 54.7260096, 54.7193391, 54.7187496, 54.7115608, 54.7082482, 54.7081582, 54.7062015, 54.7058647, 54.7043869, 54.7043787, 54.7043721, 54.7041914, 54.7039287, 54.7036756, 54.7034044, 54.7031188, 54.7030107, 54.7023989, 54.7000986, 54.6995053, 
54.6970896, 54.6969752, 54.6953798, 54.694589, 54.6945043, 54.690904, 54.6902326, 54.6897531, 54.6897519, 54.6896204, 54.6866502, 54.6862002, 54.6825586, 54.6815325, 54.681051, 54.680995, 54.6804464, 54.6798606, 54.6752865, 54.6751058, 54.6678766, 54.6606509, 54.6534192, 54.6461875, 54.6460068, 54.638782, 54.634458, 54.6342809, 54.6315573, 54.6243406, 54.6171239, 54.6169432, 54.6096973, 54.6024514, 54.5981972, 54.5963864, 54.5952217, 54.5880082, 54.5878275, 54.5878275, 54.5878273, 54.5878273, 54.5878271, 
54.587827, 54.5878268, 54.5878268, 54.5878265, 54.5878265, 54.5878265, 54.5878263, 54.5878263, 54.5878261, 54.5878261, 54.5878241, 54.587824, 54.5878204, 54.5878154, 54.5878157, 54.5878158, 54.5878159, 54.5878246, 54.5878248, 54.5878269, 54.5878273, 54.5878274, 54.5878274, 54.5878276, 54.5878278, 54.5878279, 54.5878329, 54.5878331, 54.5878342, 54.5878343, 54.5878345, 54.5878345, 54.5878366, 54.5878368, 54.5878454, 54.5878524, 54.587151, 54.586998, 54.5845354, 54.5844502, 54.5824185, 54.581078, 54.5806272, 
54.5804857, 54.5796757, 54.5795857, 54.578494, 54.5784844, 54.5782633, 54.5781013, 54.5779822, 54.577772, 54.5761791, 54.575985, 54.5758909, 54.575086, 54.5734019, 54.5734021, 54.5734021, 54.5734022, 54.5734022, 54.5734079, 54.5734124, 54.5712004, 54.5709786, 54.5706466, 54.5701066, 54.5661873, 54.5645188, 54.5643825, 54.5620067, 54.5619167, 54.5618121, 54.5617021, 54.5615627, 54.5615567, 54.5614684, 54.561213, 54.5611354, 54.5609267, 54.5601249, 54.5599804, 54.5589622, 54.5587815, 54.5537688, 54.5537659, 
54.553521, 54.5535177, 54.5532258, 54.5531889, 54.5515563, 54.5443311, 54.5443311, 54.5443296, 54.5399271, 54.5397549, 54.5396336, 54.5394918, 54.5387307, 54.5378004, 54.5371039, 54.5371006, 54.5371007, 54.5371046, 54.5371051, 54.5371052, 54.5371052, 54.5371055, 54.5371071, 54.5371071, 54.5371071, 54.5370641, 54.5349348, 54.5301644, 54.5299041, 54.52988, 54.5296993, 54.5265916, 54.5224728, 54.5224723, 54.5224666, 54.5159335, 54.5152367, 54.5152438, 54.5152438, 54.5150635, 54.5146841, 54.5146026, 
54.5082105, 54.5080146, 54.5080138, 54.5080133, 54.5080056, 54.5080048, 54.5080008, 54.5080003, 54.5079982, 54.5079974, 54.5079969, 54.5079952, 54.5079885, 54.5079864, 54.5079823, 54.5079792, 54.5079772, 54.507976, 54.507974, 54.5079734, 54.5079733, 54.5079715, 54.5079651, 54.5079643, 54.5079638, 54.5079613, 54.5079599, 54.5079585, 54.507952, 54.5079511, 54.5079506, 54.5079496, 54.5062655, 54.5051144, 54.5040154, 54.5023954, 54.5019935, 54.5019456, 54.5011271, 54.5010581, 54.5008653, 54.5007263, 
54.5005456, 54.5005053, 54.500382, 54.4977615, 54.4973741, 54.4949981, 54.4943853, 54.4933162, 54.4860869, 54.4860866, 54.4860725, 54.486062, 54.4860604, 54.4860596, 54.486058, 54.4860571, 54.4841814, 54.4788306, 54.477231, 54.4740945, 54.4739256, 54.4733608, 54.4731018, 54.4722507, 54.4722347, 54.4719833, 54.4716042, 54.4714707, 54.4714235, 54.4712713, 54.4702095, 54.4697606, 54.4693648, 54.469345, 54.4675065, 54.4667446, 54.4653839, 54.4652999, 54.4646304, 54.4642404, 54.464197, 54.4639587, 54.4627958, 
54.4590593, 54.458847, 54.4585525, 54.4569705, 54.4542425, 54.45311, 54.45149, 54.45131, 54.4497574, 54.448357, 54.4475301, 54.4468174, 54.4460001, 54.4452778, 54.444944, 54.4447401, 54.444508, 54.4425137, 54.442333, 54.4386886, 54.4385421, 54.4370901, 54.4368101, 54.4365753, 54.4362801, 54.4361001, 54.4351101, 54.4351019, 54.4350201, 54.4348858, 54.4348756, 54.4340205, 54.4334902, 54.4334678, 54.4331552, 54.4323203, 54.4314247, 54.4285405, 54.4284443, 54.4278727, 54.4278727, 54.4278728, 54.4278729, 
54.4278729, 54.427873, 54.4278732, 54.4278737, 54.4278738, 54.4278742, 54.4278743, 54.4278748, 54.4278757, 54.4278761, 54.4278769, 54.4278774, 54.4278798, 54.4278802, 54.4278817, 54.4278859, 54.4278916, 54.4279059, 54.4351334, 54.4357854, 54.4359817, 54.4363417, 54.4423609, 54.4423607, 54.4423532, 54.4425339, 54.4444936, 54.4450281, 54.4495672, 54.4497137, 54.4497576, 54.4513338, 54.4521438, 54.4527738, 54.4534938, 54.4538116, 54.4546639, 54.4547539, 54.4548653, 54.4552247, 54.4553469, 54.4555008, 
54.4556359, 54.4558386, 54.4559249, 54.4568239, 54.4569818, 54.456996, 54.4569964, 54.4572819, 54.4575218, 54.4578261, 54.4579581, 54.4580186, 54.4589106, 54.4589809, 54.4596545, 54.4599866, 54.4620996, 54.4642263, 54.4665825, 54.4685607, 54.4688306, 54.4690427, 54.4691776, 54.4713822, 54.4714629, 54.4714625, 54.4714621, 54.4714611, 54.4714599, 54.4714491, 54.4714488, 54.4714467, 54.4714466, 54.4714436, 54.4714432, 54.4714421, 54.4714348, 54.4714327, 54.4714328, 54.4714329, 54.4714331, 54.4714335, 
54.4714342, 54.4714343, 54.4714344, 54.4714345, 54.4714346, 54.4714353, 54.4714353, 54.4714355, 54.4714355, 54.4714355, 54.4714364, 54.4714366, 54.4716173, 54.4719184, 54.4720984, 54.4728185, 54.4739944, 54.4756087, 54.4766936, 54.4771909, 54.4774088, 54.47883, 54.4799289, 54.480646, 54.480736, 54.4811581, 54.481909, 54.4829306, 54.4832601, 54.4833948, 54.4835866, 54.4837247, 54.4845192, 54.4846092, 54.4846992, 54.4847876, 54.4856893, 54.4860428, 54.4860427, 54.4860427, 54.4860395, 54.4860392, 54.4860358, 
54.4860358, 54.4860356, 54.4860356, 54.4860355, 54.4860328, 54.486032, 54.486031, 54.4860307, 54.4860306, 54.48603, 54.48603, 54.4860293, 54.4860291, 54.4860277, 54.4860372, 54.486787, 54.4872558, 54.4881808, 54.4882016, 54.4883738, 54.4897856, 54.4902974, 54.4920976, 54.4932558, 54.5005562, 54.5005635, 54.5005639, 54.5005654, 54.5005655, 54.5005658, 54.5005661, 54.5005662, 54.5005662, 54.5005671, 54.5005678, 54.5005681, 54.5005683, 54.5005716, 54.5005727, 54.5005748, 54.5005749, 54.5005751, 54.5005752, 
54.5005753, 54.5005754, 54.5005754, 54.5005754, 54.5005758, 54.5005758, 54.5005759, 54.5005759, 54.5005759, 54.5005759, 54.5005759, 54.5005759, 54.5005758, 54.5005756, 54.5005755, 54.5005755, 54.5005754, 54.5005754, 54.5005754, 54.5005753, 54.5005751, 54.5005736, 54.5005727, 54.5005724, 54.5005715, 54.5005705, 54.5005704, 54.5005703, 54.5005701, 54.5005692, 54.5005691, 54.5005677, 54.5005671, 54.5005669, 54.5005668, 54.5005661, 54.5007468, 54.5009609, 54.5013209, 54.5016809, 54.5024337, 54.504921, 
54.5066311, 54.5073511, 54.5079577, 54.5082511, 54.5088064, 54.5089412, 54.5108817, 54.5109079, 54.5115812, 54.5121212, 54.5127512, 54.5133813, 54.5151851, 54.5151869, 54.5151869, 54.5115254, 54.5086925, 54.5086041, 54.5084604, 54.5079555, 54.5079536, 54.5079535, 54.5079534, 54.5079534, 54.5079533, 54.5079525, 54.5079523, 54.5118813, 54.5128103, 54.5128947, 54.5137954, 54.5140655, 54.51518, 54.5156902, 54.5158504, 54.5173057, 54.5175757, 54.5195559, 54.5196459, 54.5224077, 54.522409, 54.5224143, 
54.5245617, 54.5252372, 54.5296417, 54.5298224, 54.5337481, 54.5342715, 54.5353772, 54.5354536, 54.5357718, 54.5370501, 54.5395175, 54.5396975, 54.5442871, 54.5442872, 54.5442876, 54.5442876, 54.5442876, 54.5442876, 54.5442876, 54.5442876, 54.5442876, 54.5442875, 54.5442874, 54.5442873, 54.5442872, 54.5442872, 54.5442871, 54.5442868, 54.5442868, 54.5442869, 54.5442882, 54.5442883, 54.5442888, 54.5442888, 54.5442888, 54.5442889, 54.5442892, 54.5442893, 54.5442893, 54.5442894, 54.5442894, 54.5442894, 
54.5442904, 54.5442904, 54.5442905, 54.5442905, 54.5442905, 54.5442905, 54.5442906, 54.5442906, 54.5442906, 54.5442906, 54.5442906, 54.5442906, 54.5442906, 54.5442906, 54.5442906, 54.5442906, 54.5442906, 54.5442906, 54.5442905, 54.5442905, 54.5442903, 54.5442904, 54.5442929, 54.5442934, 54.5442941, 54.5442941, 54.5442942, 54.5442948, 54.5442948, 54.5442948, 54.5442949, 54.5442948), c(-110.2579898, -110.2579832, -110.2579831, -110.2579836, -110.2579837, -110.2579843, -110.2579843, -110.2579843, -110.2580392, 
-110.2704692, -110.2752506, -110.2829541, -110.2832653, -110.2957082, -110.308151, -110.3084623, -110.3194352, -110.3208949, -110.3333276, -110.3336388, -110.3336371, -110.3336357, -110.3336354, -110.3336353, -110.3336336, -110.3460966, -110.3461031, -110.3461096, -110.3461161, -110.3336282, -110.3333166, -110.3209156, -110.3085146, -110.308203, -110.2957486, -110.2832942, -110.2829826, -110.270496, -110.2704934, -110.2580028, -110.2579963, -110.2579898, 54.6243559, 54.6171315, 54.6169508, 54.611058, 
54.6097264, 54.602627, 54.6025585, 54.602502, 54.602502, 54.6024876, 54.6024817, 54.6024718, 54.6024714, 54.6024744, 54.6024761, 54.6024761, 54.6024837, 54.6024846, 54.6024918, 54.6024919, 54.6097147, 54.6156751, 54.6169374, 54.6171181, 54.6243408, 54.6243462, 54.6315694, 54.6387926, 54.6460158, 54.646009, 54.6460091, 54.646012, 54.6460137, 54.6460128, 54.6459748, 54.6459356, 54.6459368, 54.6459836, 54.6387644, 54.6388047, 54.6315803, 54.6243559))",Cold Lake (Imperial Oil)
9,MEG Energy Corp.,Christina Lake Regional Project,02,01,2015,ATHA,94158.62816080355,189906995.99077994,"(rgba(10,50,20)",Beaver Lake Cree Nation Traditional Territory,38984.1850242525,NA,50221,100,"list(c(-110.755775, -110.7499402, -110.7489194, -110.748713, -110.7470548, -110.7431537, -110.7303728, -110.7298939, -110.7200454, -110.7198864, -110.7194094, -110.7177473, -110.7173844, -110.7173047, -110.7172734, -110.7172253, -110.7159111, -110.7044933, -110.7040144, -110.6913919, -110.6786097, -110.6781308, -110.6717435, -110.6714983, -110.6655101, -110.6527299, -110.652251, -110.6396299, -110.6268492, -110.6268491, -110.6268491, -110.6268491, -110.6268491, -110.6268491, -110.626849, -110.626849, 
-110.626849, -110.6268489, -110.6268489, -110.6268489, -110.6268489, -110.6268487, -110.6268487, -110.6263704, -110.6137485, -110.6009671, -110.6004887, -110.5903095, -110.5901351, -110.5878677, -110.5750872, -110.5750872, -110.5750875, -110.5750876, -110.5750876, -110.5750876, -110.5750876, -110.5750877, -110.5750879, -110.5750881, -110.5746094, -110.5619875, -110.5503097, -110.5500862, -110.5492059, -110.5492059, -110.549206, -110.549206, -110.549206, -110.549206, -110.549206, -110.549206, -110.549206, 
-110.549206, -110.549206, -110.549206, -110.549206, -110.549206, -110.549206, -110.549206, -110.549206, -110.549206, -110.549206, -110.549206, -110.5502516, -110.5509249, -110.5520022, -110.5619789, -110.5619875, -110.5638496, -110.5646999, -110.5746093, -110.5750886, -110.5750885, -110.5750884, -110.5750884, -110.5750884, -110.5750884, -110.5750884, -110.5750883, -110.5750883, -110.5750883, -110.5750878, -110.5750873, -110.5878671, -110.6004871, -110.6009667, -110.6125911, -110.6127659, -110.6137478, 
-110.6263691, -110.6268487, -110.6396293, -110.6459345, -110.6462846, -110.6522501, -110.6527297, -110.6527294, -110.6527294, -110.6527294, -110.652729, -110.6651039, -110.6655094, -110.6657411, -110.6670155, -110.6721134, -110.6729099, -110.6748216, -110.6756181, -110.6781302, -110.67861, -110.6786101, -110.6786101, -110.6786102, -110.6786102, -110.6786103, -110.6913919, -110.6991791, -110.6993544, -110.7040137, -110.7044933, -110.7044931, -110.7044931, -110.7044931, -110.7044928, -110.7044928, 
-110.7044925, -110.7044925, -110.7044925, -110.7044923, -110.7172732, -110.7298942, -110.7303742, -110.7431553, -110.7557764, -110.7562564, -110.7690377, -110.7816591, -110.782139, -110.782139, -110.782139, -110.782139, -110.7821389, -110.7816587, -110.7690378, -110.7562568, -110.7562568, -110.7562567, -110.7562567, -110.7562566, -110.7562566, -110.7690375, -110.7816584, -110.7821387, -110.7821387, -110.7821387, -110.7821387, -110.7821387, -110.7821387, -110.7821385, -110.7821385, -110.7821382, -110.782138, 
-110.782138, -110.782138, -110.7821377, -110.7821377, -110.7821377, -110.7821377, -110.7821377, -110.7821374, -110.7949171, -110.8075365, -110.8080173, -110.820797, -110.8334165, -110.8338973, -110.8338975, -110.8338976, -110.8338976, -110.8338976, -110.8338976, -110.8338976, -110.8338976, -110.8341724, -110.8354562, -110.8432734, -110.8442269, -110.8466773, -110.8592968, -110.8597775, -110.872571, -110.8748692, -110.8758268, -110.8814591, -110.8829869, -110.8852042, -110.8856849, -110.8856846, -110.8856846, 
-110.8856846, -110.8856844, -110.8856843, -110.885684, -110.885684, -110.8856839, -110.8856838, -110.8856838, -110.8856836, -110.8856835, -110.8856835, -110.8856831, -110.885683, -110.885683, -110.8856829, -110.8856828, -110.8856828, -110.8856827, -110.8856826, -110.8856824, -110.8856823, -110.8856814, -110.8856813, -110.885681, -110.8856795, -110.8851992, -110.8725685, -110.8597778, -110.8597777, -110.8597778, -110.8597777, -110.8597777, -110.8597777, -110.8597777, -110.8597777, -110.8597777, -110.8597777, 
-110.8597777, -110.8597777, -110.8597777, -110.8597777, -110.8597777, -110.8597776, -110.8597776, -110.8597776, -110.8597776, -110.8597776, -110.8597776, -110.8597776, -110.8597776, -110.8592979, -110.8466785, -110.8338992, -110.8334196, -110.8207996, -110.8080198, -110.80802, -110.8080202, -110.8080202, -110.8080203, -110.8080204, -110.8075411, -110.79492, -110.7821392, -110.7821391, -110.782139, -110.782139, -110.782139, -110.782139, -110.7816599, -110.7690366, -110.7562535, -110.7562537, -110.7562537, 
-110.7562537, -110.7562537, -110.7562537, -110.7562537, -110.7562537, -110.7562537, -110.7562539, -110.7562539, -110.7562539, -110.755775, 55.6208554, 55.6208573, 55.6208576, 55.6208576, 55.6208581, 55.6208591, 55.6208616, 55.6208616, 55.6208626, 55.6208626, 55.6208626, 55.6208627, 55.6208627, 55.6208627, 55.6208627, 55.6208627, 55.6208628, 55.6208625, 55.6208625, 55.6208609, 55.620858, 55.6208578, 55.6208558, 55.6208558, 55.6208536, 55.620848, 55.6208477, 55.6208399, 55.6208307, 55.6136035, 55.6111667, 
55.6101769, 55.609506, 55.6082871, 55.6064666, 55.6061956, 55.5989684, 55.5917411, 55.5874765, 55.5874046, 55.5845139, 55.577377, 55.577106, 55.5771063, 55.5771135, 55.5771195, 55.5771197, 55.5771234, 55.5771235, 55.5771242, 55.5771274, 55.5773984, 55.5845351, 55.586031, 55.5860897, 55.5861298, 55.5864496, 55.5917621, 55.598989, 55.606216, 55.6062161, 55.6062177, 55.606218, 55.606218, 55.606218, 55.606489, 55.6136255, 55.6208523, 55.620967, 55.6214169, 55.6260699, 55.6261327, 55.6267604, 55.6272663, 
55.6280791, 55.6346454, 55.6346615, 55.6347603, 55.634886, 55.6350054, 55.6353059, 55.6354866, 55.6427134, 55.6499402, 55.6499403, 55.6499403, 55.6499403, 55.64994, 55.64994, 55.6499399, 55.6499398, 55.6499386, 55.6499385, 55.6560107, 55.6571652, 55.6579905, 55.6582604, 55.6605169, 55.6615192, 55.6643105, 55.6643919, 55.6646629, 55.6717991, 55.6790257, 55.6790226, 55.6790183, 55.6790181, 55.6790129, 55.6790128, 55.6790123, 55.6790053, 55.679005, 55.6790156, 55.6790203, 55.6790206, 55.6790248, 55.6790251, 
55.6845503, 55.6846491, 55.6862522, 55.6934793, 55.6934841, 55.6934843, 55.6934843, 55.6934848, 55.6934863, 55.6934866, 55.6934871, 55.6934873, 55.6934879, 55.6934881, 55.6873312, 55.6862612, 55.6846729, 55.6845741, 55.6790343, 55.6790368, 55.6790377, 55.6790377, 55.679038, 55.679038, 55.6846475, 55.6847463, 55.6862647, 55.6934914, 55.6937624, 55.7008783, 55.7008988, 55.700977, 55.7081255, 55.7081249, 55.7081231, 55.708123, 55.7081198, 55.7081153, 55.7081152, 55.7081093, 55.7081023, 55.708102, 55.7153281, 
55.7166651, 55.7167369, 55.7225542, 55.7225545, 55.7225617, 55.7225677, 55.7228387, 55.7258563, 55.7299751, 55.7336789, 55.7372017, 55.7371957, 55.7371885, 55.7371882, 55.7388063, 55.7389049, 55.7430068, 55.7435752, 55.7444149, 55.7516415, 55.7519125, 55.7590487, 55.7661948, 55.7662752, 55.7662984, 55.773448, 55.7735017, 55.7735308, 55.7736656, 55.7738464, 55.7807282, 55.780743, 55.7807564, 55.7807568, 55.7807617, 55.7807651, 55.7807652, 55.7735387, 55.7692333, 55.7691345, 55.7688278, 55.7669383, 
55.7664972, 55.7663121, 55.7663122, 55.7663124, 55.7663138, 55.7663139, 55.7663142, 55.766315, 55.766315, 55.7663144, 55.7663142, 55.766314, 55.7663132, 55.7663129, 55.7663125, 55.7663124, 55.7649966, 55.7646232, 55.7645467, 55.7638269, 55.7630254, 55.7614946, 55.7613963, 55.7603773, 55.7601552, 55.7598678, 55.7590858, 55.7585928, 55.7584491, 55.756179, 55.7556392, 55.7555492, 55.7550993, 55.7544331, 55.7543192, 55.7534798, 55.7532099, 55.7519496, 55.7516786, 55.7465517, 55.7462818, 55.7444519, 55.7372252, 
55.7372253, 55.7372272, 55.7372278, 55.7314641, 55.7311942, 55.730001, 55.7228647, 55.7227408, 55.7225957, 55.7225937, 55.715367, 55.7081403, 55.7079805, 55.7077129, 55.7066309, 55.7061847, 55.7009135, 55.6937772, 55.6935062, 55.6917649, 55.6916673, 55.6904486, 55.6862794, 55.6843169, 55.6790527, 55.6790526, 55.6790512, 55.6790485, 55.6790484, 55.6790444, 55.679039, 55.6718118, 55.664675, 55.664404, 55.6571768, 55.6499496, 55.6499493, 55.649941, 55.6499313, 55.6427051, 55.636364, 55.6362236, 55.6354789, 
55.6352982, 55.6352985, 55.6353046, 55.6353096, 55.6292074, 55.6291328, 55.6284976, 55.6283548, 55.6280824, 55.6280066, 55.6277761, 55.6277683, 55.6214436, 55.6212888, 55.6208552, 55.6208554))",Christina Lake Regional Project
10,Shell Canada Limited,Orion,02,01,2015,CL,21190.88991111939,21145472.708740328,"(rgba(10,50,20)",Beaver Lake Cree Nation Traditional Territory,38984.1850242525,NA,50221,100,"list(c(-110.4159195, -110.4132807, -110.4122289, -110.4095773, -110.4094226, -110.4091872, -110.4088766, -110.4085052, -110.4059954, -110.4053146, -110.404472, -110.4032343, -110.4016853, -110.4015325, -110.400759, -110.3999854, -110.3998307, -110.397046, -110.396432, -110.3963229, -110.3843282, -110.3839874, -110.3836768, -110.3773243, -110.375328, -110.3722947, -110.3720594, -110.3712299, -110.3698178, -110.3659501, -110.3657831, -110.3656407, -110.3645578, -110.3637242, -110.3623865, -110.3622323, 
-110.3607404, -110.3600661, -110.358783, -110.3585243, -110.3584724, -110.3460574, -110.3336425, -110.3333319, -110.3238734, -110.3231, -110.3208805, -110.3208893, -110.3208901, -110.3208903, -110.3208926, -110.3208933, -110.320894, -110.3208944, -110.3208986, -110.3208991, -110.3209047, -110.3250001, -110.326576, -110.3333662, -110.3336769, -110.3336768, -110.3336745, -110.3336744, -110.3336741, -110.3336739, -110.3336713, -110.3336712, -110.3336709, -110.3346271, -110.3353531, -110.3354982, -110.3405099, 
-110.3411588, -110.341427, -110.3461083, -110.3483932, -110.3585476, -110.3588584, -110.3608993, -110.3619159, -110.3638151, -110.3641466, -110.3662086, -110.3663634, -110.3665182, -110.367447, -110.3676273, -110.3685961, -110.3689533, -110.3693382, -110.3696212, -110.3704839, -110.3713061, -110.3716608, -110.3718963, -110.3731039, -110.3732628, -110.3744231, -110.3837538, -110.3840646, -110.3854048, -110.3881792, -110.3898362, -110.3904991, -110.3951742, -110.3962987, -110.3963362, -110.3965082, 
-110.4004413, -110.4013109, -110.4089518, -110.4092236, -110.4092627, -110.4117345, -110.4128669, -110.4131134, -110.4140261, -110.4168209, -110.419491, -110.4202349, -110.4217245, -110.4218788, -110.421939, -110.4221407, -110.4223682, -110.4230699, -110.4341867, -110.4344976, -110.4344903, -110.43449, -110.4344861, -110.434484, -110.4344835, -110.4344833, -110.4344815, -110.4344806, -110.4344741, -110.4344738, -110.4341631, -110.4288426, -110.4216935, -110.4216867, -110.4216828, -110.4216781, -110.4216626, 
-110.4159195, 54.515184, 54.5151833, 54.5151831, 54.5151823, 54.5151823, 54.5151822, 54.5151825, 54.5151828, 54.5151847, 54.5151852, 54.5151858, 54.5151868, 54.5151879, 54.515188, 54.5151886, 54.5151891, 54.5151892, 54.5151912, 54.5151916, 54.5151917, 54.5151992, 54.5151994, 54.5151996, 54.515203, 54.5152041, 54.5152056, 54.5152057, 54.5152061, 54.5152067, 54.5152084, 54.5152085, 54.5152086, 54.515209, 54.5152093, 54.5152099, 54.5152099, 54.5152105, 54.5152108, 54.5152113, 54.5152112, 54.5152112, 
54.5152095, 54.5152066, 54.5152063, 54.5151968, 54.515196, 54.5151937, 54.5204131, 54.5209066, 54.5210366, 54.522419, 54.5228368, 54.5232869, 54.5235024, 54.5259872, 54.5263025, 54.5296533, 54.5296564, 54.5296575, 54.5296621, 54.5296623, 54.529843, 54.5354667, 54.5357493, 54.5364246, 54.537069, 54.5433706, 54.5435827, 54.5442949, 54.5442948, 54.5442948, 54.5442948, 54.5442942, 54.5442941, 54.5442941, 54.5442934, 54.5442929, 54.5442904, 54.5442903, 54.5442905, 54.5442905, 54.5442906, 54.5442906, 54.5442906, 
54.5442906, 54.5442906, 54.5442906, 54.5442906, 54.5442906, 54.5442906, 54.5442906, 54.5442906, 54.5442906, 54.5442905, 54.5442905, 54.5442905, 54.5442905, 54.5442904, 54.5442904, 54.5442894, 54.5442894, 54.5442894, 54.5442893, 54.5442893, 54.5442892, 54.5442889, 54.5442888, 54.5442888, 54.5442888, 54.5442883, 54.5442882, 54.5442869, 54.5442868, 54.5442868, 54.5442871, 54.5442872, 54.5442872, 54.5442873, 54.5442874, 54.5442875, 54.5442876, 54.5442876, 54.5442876, 54.5442876, 54.5442876, 54.5442876, 
54.5442876, 54.5442872, 54.5442871, 54.5396975, 54.5395175, 54.5370501, 54.5357718, 54.5354536, 54.5353772, 54.5342715, 54.5337481, 54.5298224, 54.5296417, 54.5296418, 54.5296427, 54.5296435, 54.5264324, 54.5246322, 54.5224144, 54.5151851, 54.515184))",Orion
11,Cenovus FCCL Ltd.,Foster Creek,02,01,2015,ATHA,141054.1657109968,282574268.0035801,"(rgba(10,50,20)",Beaver Lake Cree Nation Traditional Territory,38984.1850242525,NA,50221,100,"list(list(c(-110.4628619, -110.4504646, -110.4379101, -110.4374384, -110.4250411, -110.4124866, -110.4120148, -110.3996175, -110.387063, -110.3865912, -110.3826758, -110.3824993, -110.3822352, -110.3785448, -110.3779563, -110.3741931, -110.3738832, -110.3730999, -110.3616377, -110.3616377, -110.3616376, -110.3616376, -110.3616376, -110.3616375, -110.3616374, -110.3616374, -110.3616373, -110.3616372, -110.3616372, -110.361637, -110.361637, -110.361637, -110.3616369, -110.3616369, -110.3616369, -110.3616369, 
-110.3616369, -110.3616369, -110.3616368, -110.3616367, -110.3616367, -110.3616366, -110.3616364, -110.3616364, -110.3616363, -110.3616361, -110.3616359, -110.3616358, -110.3649146, -110.3649146, -110.3649148, -110.3649148, -110.3649149, -110.3649149, -110.3649149, -110.3649152, -110.3649154, -110.3649154, -110.3649154, -110.3649157, -110.3649157, -110.3649159, -110.3649162, -110.3775916, -110.3901092, -110.3905825, -110.4032579, -110.4157755, -110.4162488, -110.4289241, -110.4348528, -110.4349782, 
-110.4414417, -110.441915, -110.4545903, -110.4623037, -110.4630408, -110.4641658, -110.4646625, -110.4671079, -110.4675812, -110.4675811, -110.4675811, -110.4675811, -110.467581, -110.467581, -110.467581, -110.467581, -110.4675809, -110.4675809, -110.4675809, -110.4675808, -110.4675808, -110.4675808, -110.4675807, -110.4675807, -110.4675807, -110.4675807, -110.4675807, -110.4675805, -110.4675803, -110.4675801, -110.4675801, -110.4642168, -110.4641089, -110.463332, -110.4633321, -110.4633321, -110.4633322, 
-110.4633322, -110.4633322, -110.4633323, -110.4633323, -110.4633324, -110.4633324, -110.4633325, -110.4633325, -110.4633325, -110.4633326, -110.4633326, -110.4633326, -110.4633326, -110.4633326, -110.4633327, -110.4633327, -110.4633327, -110.4633327, -110.4633327, -110.4633327, -110.4655132, -110.4658487, -110.4758868, -110.4882833, -110.4887558, -110.4953017, -110.4957, -110.4976608, -110.4985207, -110.4985489, -110.5004623, -110.5013098, -110.5137065, -110.5141789, -110.5141789, -110.5141788, 
-110.5141788, -110.5141788, -110.5141787, -110.5141787, -110.5141786, -110.5141785, -110.5141785, -110.5141785, -110.5141785, -110.5141784, -110.5141784, -110.5141784, -110.5141782, -110.5189957, -110.5189957, -110.5189958, -110.5189958, -110.5189958, -110.5189958, -110.5189959, -110.5189959, -110.5189959, -110.5189959, -110.5189959, -110.518996, -110.518996, -110.518996, -110.5189962, -110.5189962, -110.5189962, -110.5189963, -110.5316925, -110.544231, -110.5447041, -110.5552027, -110.5554419, -110.5574006, 
-110.5699394, -110.5704125, -110.583109, -110.5956476, -110.5961207, -110.6088171, -110.6180013, -110.6181283, -110.6213557, -110.6218288, -110.6218287, -110.6218287, -110.6218287, -110.6218286, -110.6218285, -110.6218285, -110.6218285, -110.6218284, -110.6218284, -110.6218284, -110.6218284, -110.6218284, -110.6218284, -110.6217058, -110.6158677, -110.6158677, -110.6158678, -110.6158679, -110.6158679, -110.6158679, -110.6158681, -110.6284196, -110.6294272, -110.6301708, -110.6381163, -110.6387446, 
-110.6408135, -110.6412862, -110.6538377, -110.6662316, -110.6667043, -110.6792559, -110.681456, -110.6818378, -110.6837208, -110.6839684, -110.684264, -110.6848551, -110.6916499, -110.6917238, -110.6921226, -110.6925084, -110.6973729, -110.6975299, -110.6984518, -110.6989953, -110.6997268, -110.7001975, -110.704682, -110.7170839, -110.7175565, -110.7175567, -110.7175568, -110.7175568, -110.7175569, -110.7175569, -110.7175569, -110.717557, -110.717557, -110.717557, -110.717557, -110.717557, -110.717557, 
-110.7175571, -110.7175571, -110.7175572, -110.7175572, -110.7175572, -110.7175572, -110.7170853, -110.7046829, -110.6921233, -110.6916513, -110.6792568, -110.666705, -110.666233, -110.6538386, -110.6412869, -110.640815, -110.6284206, -110.6237102, -110.6230834, -110.6158689, -110.6153969, -110.6030006, -110.5914295, -110.5912728, -110.5910273, -110.5907908, -110.5906759, -110.590447, -110.590447, -110.590447, -110.590447, -110.590447, -110.5904471, -110.5904471, -110.5904471, -110.5904471, -110.5904471, 
-110.6030008, -110.6153972, -110.615869, -110.6210947, -110.6213921, -110.6284207, -110.6408152, -110.641287, -110.6538388, -110.6662333, -110.6667051, -110.6792569, -110.6916516, -110.6921234, -110.7046831, -110.7170856, -110.7175574, -110.7175589, -110.7175589, -110.717559, -110.7175605, -110.717089, -110.7046866, -110.6921271, -110.6916555, -110.6792603, -110.6667079, -110.6662363, -110.653841, -110.6538421, -110.6538421, -110.6538421, -110.6538424, -110.6538426, -110.6538431, -110.6538432, -110.642689, 
-110.64129, -110.6412902, -110.6412907, -110.6408194, -110.6284227, -110.6163916, -110.615869, -110.615869, -110.615869, -110.615869, -110.6158689, -110.6153977, -110.6078603, -110.6077042, -110.6030011, -110.5917137, -110.591018, -110.5904474, -110.5904474, -110.5904474, -110.5904474, -110.5904474, -110.5904474, -110.5904474, -110.5904474, -110.5904474, -110.5904474, -110.5904474, -110.5903424, -110.5899763, -110.5822176, -110.5814769, -110.5809568, -110.5808098, -110.5775799, -110.5650264, -110.5645553, 
-110.5521576, -110.5521575, -110.5521573, -110.5521572, -110.552157, -110.5521563, -110.5521555, -110.5521547, -110.552154, -110.552154, -110.552154, -110.5521539, -110.5396025, -110.5396025, -110.5396026, -110.5396026, -110.5396026, -110.5396027, -110.5396028, -110.5396028, -110.5396028, -110.5396028, -110.5396028, -110.5396029, -110.5396029, -110.5396029, -110.5396029, -110.5396029, -110.5396029, -110.5396029, -110.5396029, -110.539603, -110.5396031, -110.5396031, -110.5396031, -110.5396031, -110.5396031, 
-110.5396031, -110.5396031, -110.5396031, -110.5396031, -110.5396031, -110.5396032, -110.5396032, -110.5396032, -110.5396031, -110.5396031, -110.5396031, -110.5396031, -110.5396031, -110.539603, -110.539603, -110.539603, -110.539603, -110.539603, -110.539603, -110.539603, -110.539603, -110.5396584, -110.5397487, -110.5417198, -110.5426032, -110.5521567, -110.5589474, -110.5599781, -110.5637459, -110.5645533, -110.5650251, -110.565025, -110.565025, -110.565025, -110.565025, -110.565025, -110.5650249, 
-110.564553, -110.5521566, -110.5396028, -110.5391309, -110.5267339, -110.5241761, -110.5236382, -110.5174652, -110.5168778, -110.5164367, -110.5162734, -110.5149352, -110.5145885, -110.5141797, -110.5141797, -110.5141797, -110.5141797, -110.5141797, -110.5141797, -110.5141798, -110.5141798, -110.5141798, -110.5141799, -110.5137081, -110.501311, -110.4887568, -110.4887568, -110.4887567, -110.4887567, -110.4887567, -110.4887566, -110.4882846, -110.4758877, -110.4633335, -110.4633335, -110.4633335, 
-110.4633335, -110.4633336, -110.4633336, -110.4633336, -110.4633337, -110.4633337, -110.4628619, 55.0240733, 55.02408, 55.0240855, 55.0240857, 55.0240898, 55.0240929, 55.0240929, 55.0240948, 55.0240953, 55.0240953, 55.0240952, 55.0240952, 55.0240952, 55.0240949, 55.0240949, 55.0240945, 55.0240945, 55.0240944, 55.0240924, 55.0243634, 55.0315008, 55.0316102, 55.0319802, 55.0387285, 55.0448085, 55.0449113, 55.0459562, 55.0531838, 55.0534549, 55.0592693, 55.0594014, 55.0605922, 55.0626412, 55.062668, 
55.0627523, 55.0628246, 55.063074, 55.0631625, 55.0678198, 55.0743557, 55.0745881, 55.0750475, 55.0822751, 55.0825461, 55.0896832, 55.0969106, 55.104138, 55.1115428, 55.1115435, 55.1118143, 55.1162474, 55.1163192, 55.1192192, 55.1206277, 55.1207102, 55.1264466, 55.133482, 55.1335539, 55.1336739, 55.1409013, 55.1411723, 55.1483093, 55.1555366, 55.1555386, 55.1555393, 55.1555393, 55.1555386, 55.1555366, 55.1555365, 55.1555332, 55.1555312, 55.1555312, 55.1555287, 55.1555285, 55.1555226, 55.1555183, 
55.1555179, 55.1555172, 55.1555169, 55.1555154, 55.1555151, 55.1524131, 55.1523592, 55.1482877, 55.1478857, 55.1477082, 55.1456772, 55.1450984, 55.1411506, 55.1408796, 55.1399428, 55.1380787, 55.1359632, 55.1358865, 55.1339434, 55.1336522, 55.133588, 55.1335161, 55.1328748, 55.1264247, 55.1191973, 55.1117923, 55.1115234, 55.1115233, 55.1115233, 55.1115233, 55.1064216, 55.1060616, 55.1049774, 55.1042617, 55.1041183, 55.1017206, 55.1015219, 55.0968909, 55.0946777, 55.0924796, 55.092175, 55.0910322, 
55.0896634, 55.0883247, 55.0882424, 55.0880359, 55.0864801, 55.0855332, 55.0854525, 55.0834381, 55.0831846, 55.0825263, 55.0822552, 55.0822556, 55.0822556, 55.0822567, 55.082257, 55.0822569, 55.0822597, 55.0822598, 55.0822606, 55.0822609, 55.0822609, 55.0822616, 55.0822619, 55.0822659, 55.082266, 55.082537, 55.0890008, 55.0891515, 55.0892611, 55.0894172, 55.0896741, 55.0969015, 55.0985855, 55.0991076, 55.0993232, 55.0995768, 55.1039759, 55.1041289, 55.1041757, 55.1115307, 55.1115319, 55.1118023, 
55.1181589, 55.1182033, 55.1182308, 55.118295, 55.1192041, 55.119465, 55.1205709, 55.1206115, 55.1212473, 55.1231547, 55.1234968, 55.1264315, 55.133597, 55.1336589, 55.1336689, 55.1408862, 55.1408887, 55.1408898, 55.1408898, 55.1408898, 55.1408897, 55.1408896, 55.1408881, 55.140888, 55.1408851, 55.1408804, 55.1408802, 55.1408741, 55.1408689, 55.1408688, 55.1408668, 55.1408665, 55.1337222, 55.1336504, 55.1336391, 55.1264118, 55.1194032, 55.1193314, 55.1191844, 55.1119222, 55.1118309, 55.1117826, 55.1117302, 
55.1116015, 55.1115169, 55.1115168, 55.1115134, 55.1102169, 55.1100369, 55.1041116, 55.1040897, 55.1038554, 55.0968843, 55.0968936, 55.0968943, 55.0968948, 55.0969, 55.0969003, 55.0969016, 55.0969019, 55.0969064, 55.0969096, 55.0969097, 55.0969117, 55.0969119, 55.0969119, 55.0969121, 55.0969121, 55.0969121, 55.0969121, 55.0969123, 55.0969123, 55.0969123, 55.0969123, 55.0969122, 55.0969122, 55.0969122, 55.0969121, 55.0969121, 55.0969121, 55.0969117, 55.0969098, 55.0969097, 55.0896822, 55.0825451, 
55.0822741, 55.0750464, 55.0740663, 55.0739945, 55.0678188, 55.0659667, 55.0634762, 55.0605911, 55.059747, 55.0596572, 55.0534538, 55.0531827, 55.0459551, 55.0458136, 55.0457238, 55.0387274, 55.0387275, 55.0387293, 55.0387298, 55.0387298, 55.038729, 55.0387269, 55.0387268, 55.0387236, 55.0387191, 55.0387188, 55.0387108, 55.0387074, 55.038707, 55.0387014, 55.0387017, 55.0387088, 55.0387143, 55.0387144, 55.0387145, 55.0387146, 55.0387146, 55.0387147, 55.0384712, 55.0380856, 55.037883, 55.0376162, 55.0316135, 
55.0314869, 55.0313722, 55.0243494, 55.0240784, 55.0240725, 55.0240653, 55.024065, 55.0240691, 55.0240694, 55.0240745, 55.0240826, 55.0240828, 55.0240874, 55.0240906, 55.0240907, 55.0240928, 55.0240936, 55.0240936, 55.0240931, 55.0240914, 55.0240913, 55.0170969, 55.0170071, 55.0168633, 55.0096354, 55.0096355, 55.0096369, 55.0096371, 55.0096371, 55.009636, 55.0096336, 55.0096335, 55.00963, 55.0024013, 55.0021208, 55.002031, 55, 54.9987869, 54.9952628, 54.9949918, 54.9949874, 54.9949868, 54.9928691, 
54.9877577, 54.9877575, 54.9877494, 54.9877404, 54.98774, 54.987053, 54.9869632, 54.9826445, 54.9805109, 54.9805113, 54.9805163, 54.9805164, 54.9805193, 54.9805256, 54.980526, 54.9805263, 54.9769119, 54.9756294, 54.9749409, 54.9740249, 54.9732975, 54.9728471, 54.9727573, 54.9696831, 54.9661591, 54.9658881, 54.9658881, 54.9658883, 54.965892, 54.9658924, 54.9658926, 54.9658927, 54.965894, 54.9658985, 54.9658986, 54.9659016, 54.9622876, 54.9586735, 54.9550594, 54.9514453, 54.9478312, 54.9442171, 54.940603, 
54.9370793, 54.9369889, 54.9369469, 54.9368083, 54.9368109, 54.9370819, 54.9438998, 54.9439717, 54.9442195, 54.9514475, 54.9586755, 54.9594042, 54.9595351, 54.9597642, 54.963004, 54.9633417, 54.9637738, 54.963966, 54.9659034, 54.9661745, 54.9726694, 54.9727413, 54.9733121, 54.98054, 54.9869068, 54.9869787, 54.987768, 54.9911724, 54.9912563, 54.9939618, 54.9944707, 54.9949959, 54.9952669, 55, 55.0020236, 55.0020954, 55.0024044, 55.0071909, 55.0073281, 55.0096321, 55.0101794, 55.0102075, 55.0167302, 
55.0168381, 55.0168598, 55.01691, 55.0170002, 55.023569, 55.0240513, 55.0240875, 55.0240875, 55.0240875, 55.0240875, 55.0240875, 55.0240873, 55.0240866, 55.0240865, 55.0240859, 55.0240858, 55.0240857, 55.0243567, 55.0257605, 55.0314347, 55.0314942, 55.0315065, 55.0387219, 55.038722, 55.0387234, 55.0387235, 55.0387235, 55.0387223, 55.0387219, 55.0387218, 55.0387206, 55.0387205, 55.0387204, 55.0387203, 55.03872, 55.0387199, 55.0387198, 55.0371603, 55.0370032, 55.0366677, 55.0364871, 55.0314922, 55.0272978, 
55.0268272, 55.0243549, 55.0240839, 55.0240838, 55.02408, 55.0240751, 55.0243461, 55.0314834, 55.0316903, 55.0318847, 55.038711, 55.038711, 55.0387106, 55.0387089, 55.0382043, 55.0380243, 55.0368544, 55.0318158, 55.031608, 55.0314813, 55.024344, 55.024073, 55.0240733)), list(c(-110.4887568, -110.4887568, -110.4887569, -110.488757, -110.488757, -110.4887571, -110.4882855, -110.4758882, -110.4633338, -110.4633338, -110.4633338, -110.4633338, -110.4633338, -110.4633338, -110.4633337, -110.475888, -110.4768346, 
-110.4771928, -110.488285, -110.4887568, -110.4887568, 55.0232218, 55.0221419, 55.0168482, 55.0125192, 55.0124473, 55.0096213, 55.0096213, 55.0096202, 55.0096178, 55.012435, 55.0125068, 55.0158368, 55.0162451, 55.0168454, 55.024073, 55.0240747, 55.0240748, 55.0240748, 55.0240751, 55.0240751, 55.0232218)))",Foster Creek
22,Canadian Natural Resources Limited (CNRL),"Primrose, Wolf and Burnt Lakes",02,01,2015,CL,191124.79622558094,760549223.4731426,"(rgba(10,50,20)",Beaver Lake Cree Nation Traditional Territory,38984.1850242525,NA,50221,100,"list(c(-110.6667209, -110.7684251, -110.7684582, -110.6667448, -110.6667494, -110.6667597, -110.7176187, -110.7176128, -110.7684714, -110.7684845, -110.768468, -110.8127321, -110.8125472, -110.8377177, -110.8377312, -110.8629005, -110.8629132, -110.8881352, -110.8881308, -110.8377339, -110.8377315, -110.9133266, -110.9133295, -110.6613156, -110.6613305, -110.6614294, -110.4633215, -110.3872811, -110.2854735, -110.260034, -110.2599784, -110.4125704, -110.4125912, -110.4126126, -110.463347, -110.4633559, 
-110.4759338, -110.4759035, -110.4887798, -110.4887572, -110.6667209, 54.9368037, 54.9367978, 54.8641645, 54.8641626, 54.849526, 54.8204366, 54.8204448, 54.8350817, 54.8350749, 54.8059864, 54.7622957, 54.7622592, 54.733276, 54.7332686, 54.7188141, 54.7188034, 54.7041703, 54.704166, 54.6750728, 54.6750776, 54.631548, 54.6315092, 54.5877815, 54.5878275, 54.6243406, 54.7623175, 54.7622949, 54.7623457, 54.7622836, 54.7622906, 54.8786068, 54.878612, 54.864151, 54.8495092, 54.8494958, 54.8932011, 54.8932245, 
54.9223535, 54.9223478, 54.9368078, 54.9368037))","Primrose, Wolf and Burnt Lakes"
25,Cenovus FCCL Ltd.,Christina Lake,02,01,2015,ATHA,44747.182820527756,76944640.17759958,"(rgba(10,50,20)",Beaver Lake Cree Nation Traditional Territory,38984.1850242525,NA,50221,100,"list(c(-110.937422, -110.859776, -110.8597757, -110.8080171, -110.8081326, -110.7821379, -110.782138, -110.7690378, -110.7690371, -110.7562548, -110.756254, -110.7885292, -110.7885291, -110.8856602, -110.8856595, -110.8984409, -110.8984407, -110.9115412, -110.9115409, -110.9374222, -110.937422, 55.5626787, 55.5627018, 55.5189799, 55.5189689, 55.5335929, 55.533574, 55.5480276, 55.5480352, 55.5881466, 55.5881521, 55.6172416, 55.617235, 55.6136214, 55.6136499, 55.5954017, 55.595399, 55.5917854, 55.5917813, 
55.584554, 55.5845416, 55.5626787))",Christina Lake
27,Devon Canada Corporation,Jackfish,02,01,2015,ATHA,45640.65251329918,76707785.74302705,"(rgba(10,50,20)",Beaver Lake Cree Nation Traditional Territory,38984.1850242525,NA,50221,100,"list(c(-111.0931886, -111.1185996, -111.1186008, -111.0927929, -111.0927175, -111.0150672, -111.015067, -110.9403747, -110.9374216, -110.8597756, -110.859776, -110.9374582, -110.937458, -111.0931886, 55.5480548, 55.5480688, 55.5189814, 55.5189671, 55.518967, 55.5189829, 55.5045294, 55.5045073, 55.5045018, 55.5045263, 55.5627018, 55.562689, 55.5480534, 55.5480548))",Jackfish
46,Blackpearl Resources Inc.,Blackrod,02,01,2015,ATHA,6475.987286373558,2621030.114917579,"(rgba(10,50,20)",Beaver Lake Cree Nation Traditional Territory,38984.1850242525,NA,50221,100,"list(c(-112.6711311, -112.6711061, -112.6452306, -112.6452414, -112.6711311, 55.6281184, 55.6136644, 55.6136503, 55.6281013, 55.6281184))",Blackrod
66,Cenovus FCCL Ltd.,Narrows Lake,02,03,2015,ATHA,65058.96628671262,108284883.329206,"(rgba(10,50,20)",Beaver Lake Cree Nation Traditional Territory,38984.1850242525,NA,50221,100,"list(c(-110.9115554, -110.9115567, -110.9115581, -110.9115594, -110.9115608, -110.9115621, -110.9115634, -110.9115648, -110.911085, -110.9048516, -110.8984582, -110.8920649, -110.8856716, -110.8856716, -110.8856722, -110.8856729, -110.8856735, -110.8856741, -110.8920682, -110.8984622, -110.9048562, -110.9110902, -110.9115702, -110.9179641, -110.924358, -110.9307519, -110.9371458, -110.9374658, -110.9374637, -110.9374615, -110.9374595, -110.9374574, -110.9374572, -110.9374551, -110.937453, -110.9374509, 
-110.9374488, -110.9438384, -110.950228, -110.9566177, -110.9628474, -110.963327, -110.9697167, -110.9761063, -110.982496, -110.9887257, -110.9892053, -110.9955949, -111.0019846, -111.0083742, -111.0146039, -111.0150835, -111.0150823, -111.0150811, -111.0150799, -111.0150787, -111.0150786, -111.0214685, -111.0278585, -111.0342484, -111.0404785, -111.040958, -111.0409571, -111.0409561, -111.0409552, -111.0409543, -111.0473412, -111.0537282, -111.0601151, -111.0663423, -111.066502, -111.0668215, -111.0668243, 
-111.0668269, -111.0668289, -111.0668309, -111.066831, -111.0665116, -111.0601214, -111.0537312, -111.0473409, -111.0409507, -111.0406313, -111.0404716, -111.0342407, -111.0278501, -111.0214589, -111.0150677, -111.0150683, -111.0150688, -111.0150687, -111.0150686, -111.0150685, -111.0150684, -111.0150684, -111.0150683, -111.0150683, -111.0145895, -111.0083585, -111.0019678, -110.995577, -110.9891863, -110.9887076, -110.9824767, -110.9760859, -110.9696952, -110.9633045, -110.9628258, -110.9565947, 
-110.950204, -110.9438133, -110.9374226, -110.9374226, -110.9374227, -110.9374228, -110.9374229, -110.9374229, -110.936944, -110.9307134, -110.924323, -110.9179327, -110.9115424, -110.9110635, -110.9048325, -110.8984418, -110.8920511, -110.8856605, -110.8851816, -110.8789499, -110.872559, -110.8661679, -110.8597767, -110.8592978, -110.8530687, -110.8466784, -110.8402888, -110.8338993, -110.8334204, -110.82719, -110.8208, -110.81441, -110.80802, -110.8080201, -110.8080203, -110.8080204, -110.8080206, 
-110.8075415, -110.801311, -110.7949209, -110.7885299, -110.782139, -110.782139, -110.7821391, -110.7821391, -110.7821392, -110.7821392, -110.7885296, -110.79492, -110.8013105, -110.8075411, -110.8080204, -110.8080203, -110.8080203, -110.8080203, -110.8080202, -110.8080202, -110.8080201, -110.80802, -110.8080199, -110.8080198, -110.8144097, -110.8207996, -110.8271896, -110.8334196, -110.8338992, -110.8402889, -110.8466785, -110.8530682, -110.8592979, -110.8597776, -110.8661705, -110.8725634, -110.8789564, 
-110.8851894, -110.885669, -110.8856684, -110.8856678, -110.8856671, -110.8856665, -110.8856664, -110.8920584, -110.8984504, -110.9048423, -110.9110745, -110.9115539, -110.911554, -110.9115554, 55.6682052, 55.6718183, 55.6754315, 55.6790446, 55.6826578, 55.686271, 55.6898841, 55.6934972, 55.6934974, 55.6934996, 55.6935016, 55.6935032, 55.6935044, 55.6937754, 55.6972983, 55.7009116, 55.7045248, 55.7081381, 55.7081367, 55.708135, 55.708133, 55.7081307, 55.7081305, 55.7081399, 55.7081491, 55.7081579, 
55.7081663, 55.7081667, 55.7045513, 55.7009358, 55.6973203, 55.6937951, 55.6935241, 55.6899086, 55.6862931, 55.6826776, 55.6790621, 55.6790658, 55.6790692, 55.6790723, 55.6790749, 55.6790751, 55.6790775, 55.6790796, 55.6790813, 55.6790826, 55.6790827, 55.6790837, 55.6790844, 55.6790848, 55.6790848, 55.6790848, 55.675469, 55.6718532, 55.6682374, 55.6647119, 55.6644409, 55.6644405, 55.6644397, 55.6644386, 55.6644372, 55.6644371, 55.6608212, 55.6572053, 55.6535894, 55.6499735, 55.6499724, 55.649971, 
55.6499693, 55.6499672, 55.6499672, 55.6499671, 55.6463503, 55.6427335, 55.6391165, 55.6354995, 55.6353188, 55.635319, 55.6353221, 55.6353248, 55.6353272, 55.6353292, 55.6353293, 55.6353294, 55.635331, 55.6353322, 55.6353334, 55.6353343, 55.6317207, 55.6281071, 55.6244937, 55.6208803, 55.6172669, 55.6136535, 55.6100401, 55.606517, 55.606246, 55.6062461, 55.6062462, 55.6062459, 55.6062454, 55.6062445, 55.6062444, 55.6062432, 55.6062416, 55.6062397, 55.6062374, 55.6062372, 55.6062345, 55.6062314, 55.6062279, 
55.6062241, 55.6064951, 55.6100185, 55.6136322, 55.617246, 55.6208597, 55.6208599, 55.6208631, 55.6208661, 55.6208687, 55.620871, 55.6208711, 55.620873, 55.6208747, 55.6208759, 55.6208769, 55.6208769, 55.6208775, 55.6208778, 55.6208777, 55.6208773, 55.6208773, 55.6208765, 55.6208755, 55.620874, 55.6208723, 55.6208722, 55.6208701, 55.6208677, 55.620865, 55.6208619, 55.6244751, 55.6280882, 55.6317014, 55.6353145, 55.6353142, 55.6353108, 55.6353069, 55.6353027, 55.6352982, 55.6355692, 55.639092, 55.6427051, 
55.6463182, 55.6499313, 55.6499363, 55.649941, 55.6499453, 55.6499493, 55.6499496, 55.6535632, 55.6571768, 55.6607904, 55.664404, 55.664675, 55.6681982, 55.6718118, 55.6754254, 55.679039, 55.6790418, 55.6790444, 55.6790465, 55.6790484, 55.6790485, 55.67905, 55.6790512, 55.6790521, 55.6790526, 55.6790527, 55.6790528, 55.6790527, 55.6790522, 55.6790514, 55.6790514, 55.6754381, 55.6718249, 55.6682116, 55.6646886, 55.6644176, 55.6644166, 55.6644152, 55.6644135, 55.6644115, 55.6644114, 55.6646824, 55.6682052
))",Narrows Lake
81,Devon NEC Corporation,Pike,02,03,2015,ATHA,59135.13899193413,133544071.99183138,"(rgba(10,50,20)",Beaver Lake Cree Nation Traditional Territory,38984.1850242525,NA,50221,100,"list(c(-110.9424523, -110.936121, -110.9297898, -110.9293139, -110.9231417, -110.9168109, -110.9104801, -110.9041492, -110.9036733, -110.8975011, -110.8911702, -110.8848394, -110.8785085, -110.8780326, -110.8718604, -110.8655295, -110.8591987, -110.8528678, -110.8528678, -110.8528678, -110.8528678, -110.8528677, -110.8523916, -110.8462195, -110.8398887, -110.8335578, -110.827227, -110.8267509, -110.8205788, -110.8142479, -110.8079171, -110.8015863, -110.8015862, -110.8015861, -110.8015861, -110.801586, 
-110.801586, -110.801586, -110.8015859, -110.8015859, -110.8015858, -110.8011093, -110.7949374, -110.7886066, -110.7822758, -110.775945, -110.7754686, -110.7692852, -110.762943, -110.7566007, -110.7502585, -110.7497821, -110.7435987, -110.7372565, -110.7309143, -110.7245721, -110.7240956, -110.7179123, -110.7115701, -110.7052279, -110.6988857, -110.6988856, -110.6988855, -110.6988854, -110.6988853, -110.6988853, -110.6988852, -110.6988851, -110.698885, -110.6988848, -110.6988848, -110.6988846, -110.6988845, 
-110.6988844, -110.7040148, -110.7044917, -110.7052266, -110.7108827, -110.7115687, -110.7172737, -110.7179109, -110.7236647, -110.7240941, -110.724571, -110.7298967, -110.7303737, -110.7309132, -110.7367646, -110.7372554, -110.7431556, -110.7435975, -110.7495466, -110.7497807, -110.7502577, -110.7557786, -110.7562556, -110.7562556, -110.7562556, -110.7562557, -110.7562557, -110.7626466, -110.7690376, -110.7754285, -110.7816604, -110.7821376, -110.7885278, -110.7949182, -110.8013085, -110.8075397, 
-110.8080169, -110.8144072, -110.8207975, -110.8271878, -110.8334191, -110.8338962, -110.8402865, -110.8466768, -110.8530671, -110.8592984, -110.8597755, -110.8661665, -110.8725575, -110.8789485, -110.8851804, -110.8856575, -110.8920485, -110.8984395, -110.9048305, -110.9110625, -110.9110625, -110.9110626, -110.9110626, -110.9110626, -110.9104793, -110.9048306, -110.9041486, -110.9036717, -110.9036718, -110.9036718, -110.9036719, -110.903672, -110.9041488, -110.9104795, -110.9168102, -110.9231409, 
-110.9293127, -110.9297895, -110.9297895, -110.9297894, -110.9297894, -110.9297894, -110.9307126, -110.9361205, -110.9369445, -110.9374215, -110.9424517, -110.9438124, -110.9487828, -110.9502034, -110.9549549, -110.954955, -110.954955, -110.9549551, -110.9549551, -110.9549552, -110.9549552, -110.9549553, -110.9549553, -110.9549553, -110.9549554, -110.9549554, -110.9549555, -110.9549555, -110.9549556, -110.9549556, -110.9549557, -110.9549558, -110.9549557, -110.9549558, -110.9549559, -110.9549559, 
-110.954956, -110.954956, -110.9549561, -110.9549561, -110.9549562, -110.9487836, -110.9424523, 55.3738797, 55.3738719, 55.3738637, 55.373864, 55.3738676, 55.3738711, 55.3738742, 55.3738769, 55.3738771, 55.3738795, 55.3738816, 55.3738833, 55.3738848, 55.3738849, 55.3738859, 55.3738867, 55.3738871, 55.3738872, 55.3774104, 55.3810238, 55.3846373, 55.3882507, 55.3882507, 55.3882505, 55.3882499, 55.388249, 55.3882478, 55.3882477, 55.3882461, 55.3882442, 55.388242, 55.3882394, 55.3918529, 55.3954663, 
55.3990797, 55.4026932, 55.4029642, 55.4064873, 55.4101007, 55.4137141, 55.4173276, 55.4173271, 55.4173205, 55.4173135, 55.4173061, 55.4172984, 55.4172987, 55.4173023, 55.4173057, 55.4173088, 55.4173115, 55.4173117, 55.4173141, 55.4173162, 55.417318, 55.4173194, 55.4173195, 55.4173206, 55.4173214, 55.4173218, 55.4173219, 55.4209354, 55.4245489, 55.4281623, 55.4317757, 55.4320467, 55.4355699, 55.4391833, 55.4427967, 55.4464102, 55.4500236, 55.453637, 55.4572089, 55.4607808, 55.4607808, 55.4607807, 
55.4607807, 55.4607803, 55.4607803, 55.4607796, 55.4607795, 55.4607785, 55.4607784, 55.4607784, 55.4607772, 55.460777, 55.4607769, 55.4607753, 55.4607751, 55.4607732, 55.460773, 55.4607708, 55.4607707, 55.4607705, 55.4607681, 55.4610408, 55.4646128, 55.4681847, 55.4717981, 55.4754115, 55.4754087, 55.4754055, 55.475402, 55.4753982, 55.4753979, 55.4754057, 55.4754132, 55.4754203, 55.4754269, 55.4754274, 55.47543, 55.4754322, 55.4754341, 55.4754357, 55.4754358, 55.475437, 55.4754378, 55.4754384, 55.4754386, 
55.4754386, 55.4754384, 55.4754379, 55.4754371, 55.475436, 55.4754359, 55.4754344, 55.4754325, 55.4754304, 55.4754279, 55.4718145, 55.4682011, 55.4646294, 55.4610576, 55.4610578, 55.46106, 55.4610603, 55.460787, 55.4572152, 55.4536435, 55.4500301, 55.4464167, 55.4464165, 55.4464138, 55.4464107, 55.4464072, 55.4464035, 55.4464032, 55.4500166, 55.45363, 55.4572018, 55.4607735, 55.4607745, 55.4607798, 55.4607806, 55.4607811, 55.4607858, 55.460787, 55.4607914, 55.4607926, 55.4607965, 55.4572285, 55.4536604, 
55.450047, 55.4464336, 55.4428203, 55.4392069, 55.4355935, 55.4320704, 55.4317994, 55.428186, 55.4245726, 55.4209592, 55.4173458, 55.4137324, 55.410119, 55.4065055, 55.4029825, 55.4027114, 55.399098, 55.3954846, 55.3918712, 55.3882577, 55.3846443, 55.3810309, 55.3774174, 55.3738943, 55.3738873, 55.3738797))",Pike
88,OSUM Oil Sands Corp.,Taiga,02,03,2015,CL,38956.05423358414,61315248.6940078,"(rgba(10,50,20)",Beaver Lake Cree Nation Traditional Territory,38984.1850242525,NA,50221,100,"list(c(-110.1571486, -110.1696147, -110.1696169, -110.1823941, -110.1823412, -110.2075858, -110.2076705, -110.1823265, -110.1825429, -110.1571282, -110.1571301, -110.119137, -110.1191399, -110.1066919, -110.106658, -110.0938917, -110.0938852, -110.0814274, -110.0814027, -110.0813713, -110.1571419, -110.1571486, 54.718783, 54.7187861, 54.7115573, 54.7115606, 54.6750578, 54.6750702, 54.6460379, 54.6460241, 54.6315777, 54.6315002, 54.6387252, 54.6387386, 54.6459657, 54.6459589, 54.6896856, 54.6896822, 
54.6969117, 54.6969061, 54.7187819, 54.7332392, 54.7332434, 54.718783))",Taiga
19,ConocoPhillips Canada,Surmont,02,03,2015,ATHA,111555.09290823233,562062182.141983,"(rgba(10,50,20)",Beaver Lake Cree Nation Traditional Territory,38984.1850242525,NA,50221,100,"list(c(-111.112257858389, -111.1122566, -111.0758204, -111.0757197, -110.9974058, -110.9975068, -110.7886878, -110.7886998, -110.7103917, -110.7103924, -110.7171712, -110.7171827, -110.7961543, -110.796122147023, -110.7970825, -110.8311952, -110.8143927, -110.8484801, -110.9166468, -110.9848023, -111.0529463, -111.0699056, -111.1039956, -111.112257858389, 56.1686108192461, 56.1588629, 56.1588685, 56.0426253, 56.042644, 55.9843355, 55.9843196, 56.1153135, 56.1153262, 56.1588749, 56.1588747, 56.2026943, 
56.2026536, 56.224577948046, 56.2244094, 56.2184166, 56.1979958, 56.1919996, 56.1799751, 56.1679075, 56.1557968, 56.1761649, 56.1700859, 56.1686108192461))",Surmont
113,Statoil Canada Ltd.,May River,02,03,2015,ATHA,9735.93601121232,5245656.145430034,"(rgba(10,50,20)",Beaver Lake Cree Nation Traditional Territory,38984.1850242525,NA,50221,100,"list(c(-111.222136, -111.196255, -111.1703743, -111.1703761, -111.196258, -111.2221406, -111.222136, 55.649962, 55.64997, 55.6499731, 55.6644367, 55.664434, 55.664425, 55.649962))",May River
59,Statoil Canada Ltd.,Corner,02,03,2015,ATHA,58463.109192617725,134509068.02728975,"(rgba(10,50,20)",Beaver Lake Cree Nation Traditional Territory,38984.1850242525,NA,50221,100,"list(c(-111.3890295, -111.4151317, -111.4151304, -111.3629263, -111.3629258, -111.3629259, -111.2846197, -111.2063149, -111.2063146, -111.1802131, -111.180228, -111.1541111, -111.1541108, -111.1541114, -111.2324167, -111.2324163, -111.2846202, -111.2846212, -111.3890301, -111.3890295, 56.0424858, 56.0424715, 56.0133851, 56.0134089, 55.9843233, 55.9552383, 55.9552326, 55.9552452, 55.969878, 55.9698816, 55.9843218, 55.9843319, 56.0134167, 56.0425019, 56.0424923, 56.0280397, 56.0280359, 56.0571206, 
56.0571191, 56.0424858))",Corner
38,Statoil Canada Ltd.,Leismer,02,01,2015,ATHA,100537.79179627282,268579617.8611662,"(rgba(10,50,20)",Beaver Lake Cree Nation Traditional Territory,38984.1850242525,NA,50221,100,"list(list(c(-111.441237, -111.441238, -111.4934498, -111.4934504, -111.5456623, -111.5456629, -111.545663, -111.597874, -111.5979873, -111.6239791, -111.6239808, -111.6361062, -111.6361063, -111.6102337, -111.6102338, -111.5067582, -111.5067581, -111.4808929, -111.4808929, -111.3774156, -111.3774156, -111.3515349, -111.351535, -111.3774157, -111.3774157, -111.3256544, -111.3256544, -111.3256544, -111.3368275, -111.336827, -111.3890315, -111.389031, -111.3629287, -111.3629277, -111.3890299, -111.3890294, 
-111.3890289, -111.441237, 55.8970558, 55.8679703, 55.8679811, 55.8535285, 55.8535176, 55.8409969, 55.8388841, 55.8388806, 55.8388806, 55.838889, 55.8097788, 55.8097792, 55.7807569, 55.7807544, 55.7372154, 55.7372116, 55.722578, 55.7225811, 55.7081282, 55.7081247, 55.7225779, 55.7225863, 55.73722, 55.7372117, 55.7662982, 55.7663095, 55.7881694, 55.8097863, 55.8097856, 55.8244475, 55.8244365, 55.8388891, 55.8388973, 55.8679829, 55.8679746, 55.8826077, 55.89706, 55.8970558)), list(c(-111.4934487, -111.5717666, 
-111.5717672, -111.4934492, -111.4934487, 55.8970666, 55.8970421, 55.8825896, 55.8826142, 55.8970666)))",Leismer
37,Harvest Operations Corp.,BlackGold,02,04,2015,ATHA,22749.105874025023,30091328.87363542,"(rgba(10,50,20)",Beaver Lake Cree Nation Traditional Territory,38984.1850242525,NA,50221,100,"list(c(-110.937422, -110.9374221, -110.9374223, -110.943813, -110.9438132, -110.9502039, -110.950204, -110.9891863, -110.9891863, -111.0150682, -111.0150675, -110.9760854, -110.9374219, -110.937422, 55.5626787, 55.5771335, 55.5917691, 55.5917731, 55.5990005, 55.599004, 55.6062313, 55.6062445, 55.602631, 55.6026326, 55.5480705, 55.5480641, 55.5480431, 55.5626787))",BlackGold
12,Husky Oil Operations Limited,Tucker,02,01,2015,CL,18635.517160776046,10895450.980792785,"(rgba(10,50,20)",Beaver Lake Cree Nation Traditional Territory,38984.1850242525,NA,50221,100,"list(c(-110.5857155, -110.5857152, -110.5857135, -110.585718, -110.5729648, -110.5605223, -110.5605251, -110.5729668, -110.5729688, -110.5667476, -110.566749, -110.5539817, -110.5539826, -110.5477495, -110.547751, -110.5352904, -110.5352974, -110.5352993, -110.5353048, -110.5477566, -110.5605184, -110.5605185, -110.5605166, -110.572959, -110.5857053, -110.5857155, 54.5805916, 54.5733698, 54.566142, 54.5587338, 54.5587537, 54.5587736, 54.5515458, 54.5515271, 54.544301, 54.5443108, 54.5406981, 54.5407111, 
54.5443236, 54.5443265, 54.5515524, 54.5515575, 54.5625744, 54.5661871, 54.5734123, 54.5734078, 54.5733971, 54.5806272, 54.5878524, 54.5878456, 54.5878356, 54.5805916))",Tucker
23,Canadian Natural Resources Limited (CNRL),Kirby,02,01,2015,ATHA,130002.74050155705,265437218.20560047,"(rgba(10,50,20)",Beaver Lake Cree Nation Traditional Territory,38984.1850242525,NA,50221,100,"list(c(-111.0193919, -111.0323848, -111.0450597, -111.0580525, -111.0707275, -111.0837203, -111.0837202, -111.0837202, -111.0963734, -111.1093444, -111.1093445, -111.1093446, -111.1219978, -111.1349689, -111.1349687, -111.1349686, -111.1349686, -111.1349684, -111.1476217, -111.1605926, -111.1605927, -111.1605929, -111.160593, -111.1605932, -111.1605933, -111.1605935, -111.1476223, -111.1444873, -111.1349691, -111.1219979, -111.1186038, -111.1186037, -111.1186032, -111.1186029, -111.1186025, -111.1186022, 
-111.1186018, -111.1186015, -111.131384, -111.1444849, -111.1572716, -111.1703765, -111.1831713, -111.1962843, -111.1962823, -111.1962802, -111.1831702, -111.1703785, -111.1703753, -111.1703721, -111.1831627, -111.196272, -111.2090481, -111.2221431, -111.2349177, -111.2480178, -111.2480195, -111.2480211, -111.2607791, -111.2738779, -111.2866688, -111.2866743, -111.2866797, -111.2866851, -111.2866905, -111.2997949, -111.3125806, -111.312575, -111.3125694, -111.3125638, -111.3125581, -111.3125496, 
-111.3256491, -111.3256415, -111.325634, -111.3256263, -111.3256189, -111.3256114, -111.3256073, -111.3256091, -111.3143333, -111.3143489, -111.3143647, -111.3013955, -111.2887441, -111.2887452, -111.2887462, -111.2757626, -111.2630968, -111.2630987, -111.2631007, -111.2631027, -111.2631047, -111.2501231, -111.2374591, -111.2244893, -111.2118371, -111.1988672, -111.1862148, -111.1862157, -111.1862166, -111.1862175, -111.1862184, -111.1862182, -111.186218, -111.1988724, -111.2118439, -111.2118435, 
-111.2118431, -111.2118427, -111.2118423, -111.1988712, -111.1862171, -111.173246, -111.1605918, -111.1476213, -111.1349676, -111.121997, -111.1093434, -111.0963728, -111.0837192, -111.0707145, -111.0580268, -111.0450408, -111.0323719, -111.019386, -111.006717, -110.9937374, -110.9810746, -110.9680949, -110.9554322, -110.9554322, -110.9554322, -110.9680948, -110.9810746, -110.9937372, -111.006717, -111.0067169, -111.0067169, -111.01939, -111.0323803, -111.0450534, -111.0580436, -111.070723, -111.0837194, 
-111.0837195, -111.0837196, -111.0837197, -111.0837198, -111.0707273, -111.0580522, -111.0450596, -111.0323845, -111.019392, -111.0067169, -111.0067169, -111.0067169, -111.0067169, -111.0067169, -111.0067169, -111.0067169, -111.006717, -111.006717, -111.0193919, 55.4464445, 55.4464426, 55.4464394, 55.4464348, 55.4464289, 55.4464216, 55.4391948, 55.4317873, 55.4317927, 55.4317967, 55.4392042, 55.446431, 55.4464357, 55.4464391, 55.4392123, 55.4318049, 55.4245781, 55.4173513, 55.4173533, 55.417354, 
55.4245809, 55.4318077, 55.4392151, 55.446442, 55.4536687, 55.4608047, 55.4608038, 55.4608033, 55.4608018, 55.4607983, 55.460797, 55.4607971, 55.4682136, 55.4754403, 55.4826671, 55.4898939, 55.4973012, 55.504528, 55.5045334, 55.5045376, 55.5045354, 55.5045318, 55.5045273, 55.5045214, 55.5117502, 55.518979, 55.5189828, 55.5189852, 55.5263947, 55.5336235, 55.5336212, 55.5336179, 55.5336146, 55.5336122, 55.5336049, 55.5335985, 55.5263687, 55.5189583, 55.5189708, 55.5189705, 55.518973, 55.5263797, 55.533607, 
55.5408329, 55.5480602, 55.5480582, 55.5480548, 55.5408293, 55.5336051, 55.5263796, 55.5189748, 55.5117456, 55.5117432, 55.5045125, 55.4972817, 55.4898702, 55.4826394, 55.4754086, 55.4681736, 55.4608695, 55.4608774, 55.4537734, 55.4465392, 55.4465258, 55.4465115, 55.4392846, 55.4318772, 55.4318751, 55.4318717, 55.4246449, 55.417418, 55.4101912, 55.4027837, 55.402787, 55.4027888, 55.4027491, 55.4027091, 55.4027138, 55.4027171, 55.3954903, 55.3882634, 55.3810366, 55.373629, 55.3664025, 55.3591759, 
55.3591729, 55.3591685, 55.3519423, 55.3445353, 55.337309, 55.3300827, 55.3300865, 55.3300889, 55.3300899, 55.3300897, 55.330088, 55.3300851, 55.3300808, 55.3300752, 55.3300691, 55.3300619, 55.3300741, 55.3300847, 55.3300889, 55.3300916, 55.330093, 55.3300931, 55.3300918, 55.3300892, 55.3300852, 55.33008, 55.3373072, 55.3445345, 55.3445395, 55.3445433, 55.3445457, 55.3445468, 55.3519543, 55.3591812, 55.3591808, 55.3591791, 55.359176, 55.3591716, 55.3591641, 55.3591551, 55.3663833, 55.3736113, 55.3810189, 
55.3882457, 55.3882531, 55.3882589, 55.3882636, 55.3882668, 55.3882687, 55.3882692, 55.395496, 55.4027229, 55.4101303, 55.4173572, 55.424584, 55.4318108, 55.4392183, 55.446445, 55.4464445))",Kirby
